question,answer
what is harry potter's middle name?,harry's middle name is james.
who is harry potter's best friend?,harry's best friend is ron weasley.
what is the name of harry potter's owl?,harry's owl is named hedwig.
what is the spell for turning objects into birds?,the spell is called "avifors."
who is the author of the harry potter book series?,j.k. rowling is the author of the harry potter books.
what is the name of the magical school attended by harry potter?,the school is called hogwarts school of witchcraft and wizardry.
what is the name of the train station where the hogwarts express departs from?,the station is called platform nine and three-quarters.
what is the name of the defense against the dark arts teacher in harry's first year at hogwarts?,the teacher's name is professor quirinus quirrell.
what is the name of the three-headed dog guarding the trapdoor at hogwarts?,the dog's name is fluffy.
who is the half-giant gamekeeper at hogwarts?,the gamekeeper is rubeus hagrid.
what is the name of the house-elf who serves the malfoy family?,the house-elf's name is dobby.
what is the name of the weasley family's flying car?,the car is called the ford anglia.
what is the name of the pub in hogsmeade frequented by hogwarts students?,the pub is called the three broomsticks.
who is the editor of the daily prophet?,the editor is barnabas cuffe.
what is the name of the caretaker at hogwarts?,the caretaker is argus filch.
what is the name of the founder of slytherin house at hogwarts?,the founder's name is salazar slytherin.
who is the headmaster of hogwarts school of witchcraft and wizardry?,the headmaster is albus dumbledore.
what is the name of the forbidden forest near hogwarts?,the forest is called the forbidden forest.
what is the name of the house-elf who is loyal to the black family?,the house-elf's name is kreacher.
what is the name of the creature that guards the entrance to the chamber of secrets?,the creature is called a basilisk.
what is the name of the village near hogwarts?,the village is called hogsmeade.
what is the name of the family that harry potter stays with during the summer holidays?,the family is called the dursleys.
what is the name of the spell that harry uses to summon his broomstick?,the spell is called "accio."
who is the ghost that haunts the girls' bathroom at hogwarts?,the ghost's name is moaning myrtle.
what is the name of the weasley family's clock that shows the location of each family member?,the clock is called the weasley clock.
what is the name of the magical currency used in the wizarding world?,the currency is called galleons, sickles, and knuts.
what is the name of the magical map that shows the layout of hogwarts and the location of everyone in the castle?,the map is called the marauder's map.
what is the name of the weasley family's owl?,the owl is named errol.
what is the name of the house-elf who is freed by hermione granger?,the house-elf's name is winky.
what is the name of the village near hogwarts where students can go on weekends?,the village is called hogsmeade.
what is the name of the spell that creates a protective shield around the caster?,the spell is called "protego."
what is the name of the wizarding prison where dangerous criminals are kept?,the prison is called azkaban.
what is the name of the house-elf who works at hogwarts and helps in the kitchen during feasts?,the house-elf's name is dobby.
what is the name of the magical creature that resembles a small winged horse?,the creature is called a thestral.
who is the owner of the book "fantastic beasts and where to find them"?,the owner is newt scamander.
what is the name of the sport played on broomsticks at hogwarts?,the sport is called quidditch.
what is the name of the gamekeeper at hogwarts who has a fondness for dangerous creatures?,the gamekeeper is rubeus hagrid.
what is the name of the spell that produces light from the tip of the wand?,the spell is called "lumos."
what is the name of the potion that allows the drinker to transform into someone else for a short period of time?,the potion is called polyjuice potion.
what is the name of the village where harry potter was born and lived until he discovered he was a wizard?,the village is called little whinging.
who is the ghost that haunts the ravenclaw common room at hogwarts?,the ghost's name is the grey lady.
what is the name of the magical object that reveals hidden messages written with invisible ink?,the object is called the revealer.
what is the name of the spell that unlocks doors and windows?,the spell is called "alohomora."
what is the name of the magical plant that screams when it is pulled from the ground?,the plant is called a mandrake.
who is the house-elf who serves the malfoy family and helps them carry out their plans?,the house-elf's name is kreacher.
what is the name of the shop in diagon alley that sells magical pets?,the shop is called magical menagerie.
who is the defense against the dark arts teacher in harry's second year at hogwarts?,the teacher's name is professor gilderoy lockhart.
what is the name of the gamekeeper at hogwarts who is known for his love of dangerous creatures?,the gamekeeper is rubeus hagrid.
what is the name of the creature that harry potter rides during the first task of the triwizard tournament?,the creature is called a hungarian horntail.
what is the name of the weasley family's owl?,the owl is named pigwidgeon.
who is the ghost that haunts the dungeons at hogwarts?,the ghost's name is the bloody baron.
what is the name of the potion that makes the drinker lucky for a short period of time?,the potion is called felix felicis.
what is the name of the magical creature that can transform into anyone's worst fear?,the creature is called a boggart.
what is the name of the enchanted ceiling in the great hall at hogwarts that reflects the weather outside?,the ceiling is called the enchanted ceiling.
who is the defense against the dark arts teacher in harry's third year at hogwarts?,the teacher's name is professor remus lupin.
what is the name of the magical object that allows the user to see into the past?,the object is called the time-turner.
what is the name of the weasley family's house?,the house is called the burrow.
who is the house-elf who serves the crouch family?,the house-elf's name is winky.
what is the name of the magical creature that guards gringotts wizarding bank?,the creature is called a ukrainian ironbelly.
what is the name of the spell that creates a temporary barrier against dark creatures?,the spell is called "expecto patronum."
what is the name of the magical object that holds seven fragments of voldemort's soul?,the object is called a horcrux.
who is the head of the department of magical law enforcement at the ministry of magic?,the head is amelia bones.
what is the name of the shop in hogsmeade that sells joke items and magical pranks?,the shop is called zonko's joke shop.
who is the ghost that haunts the bathroom on the second floor of hogwarts?,the ghost's name is moaning myrtle.
what is the name of the magical object that allows the user to listen to conversations happening elsewhere?,the object is called the extendable ear.
what is the name of the potion that causes the drinker to obey the commands of the person who gave it to them?,the potion is called the imperius curse.
what is the name of the spell that creates a beam of light that can be used to illuminate dark areas?,the spell is called "nox."
what is the name of the magical object that allows the user to store memories and thoughts?,the object is called a pensieve.
who is the ghost that haunts the gryffindor common room at hogwarts?,the ghost's name is nearly headless nick.
what is the name of the magical creature that guards the entrance to the common room of gryffindor house at hogwarts?,the creature is called the fat lady.
what is the name of the magical object that allows the user to become invisible?,the object is called the invisibility cloak.
what is the name of the spell that immobilizes the target?,the spell is called "petrificus totalus."
who is the head of slytherin house at hogwarts?,the head is severus snape.
what is the name of the magical object that allows the user to travel instantly from one place to another?,the object is called a portkey.
what is the name of the spell that allows the user to control the movement of an object?,the spell is called "wingardium leviosa."
what is the name of the magical creature that resembles a large, hairy spider?,the creature is called an acromantula.
what is the name of the magical object that reveals hidden messages written in invisible ink?,the object is called the revealer.
what is the name of the magical creature that resembles a small, winged horse?,the creature is called a hippogriff.
what is the name of the spell that produces fire from the tip of the wand?,the spell is called "incendio."
what is the name of the magical object that allows the user to communicate with others over long distances?,the object is called a two-way mirror.
what is the name of the wizarding hospital where injured and sick wizards and witches are treated?,the hospital is called st. mungo's hospital for magical maladies and injuries.
what is the name of the magical creature that is invisible to anyone who has not witnessed death?,the creature is called a thestral.
who is the head of ravenclaw house at hogwarts?,the head is filius flitwick.
what is the name of the potion that allows the drinker to breathe underwater?,the potion is called gillyweed.
what is the name of the magical object that allows the user to see through solid objects?,the object is called the deluminator.
what is the name of the creature that harry potter faces during the third task of the triwizard tournament?,the creature is called a blast-ended skrewt.
what is the name of the magical object that allows the user to store and transport items in a small space?,the object is called a beaded bag.
who is the head of hufflepuff house at hogwarts?,the head is pomona sprout.
what is the name of the magical object that allows the user to see into the future?,the object is called a crystal ball.
what is the name of the potion that causes the drinker to fall into a deep sleep?,the potion is called the draught of living death.
what is the name of the magical creature that resembles a small, glowing ball of light?,the creature is called a will-o'-the-wisp.
what is the name of the spell that conjures a small, glowing light?,the spell is called "lumos."
who is the head of gryffindor house at hogwarts?,the head is minerva mcgonagall.
what is the name of the magical object that reveals the hidden entrance to the room of requirement?,the object is called the vanishing cabinet.
what is the name of the potion that allows the drinker to transform into an animal?,the potion is called the animagus potion.
what is the name of the magical object that allows the user to see invisible creatures?,the object is called the spectrespecs.
who is the ghost that haunts the library at hogwarts?,the ghost's name is the grey lady.
what is the name of the spell that causes the target to become momentarily frozen in place?,the spell is called "immobilus."
what is the name of the wizarding prison where sirius black was held?,the prison is called azkaban
bravery,ahh you sound like a griffyndor to me.
loyalty,hufflepuff is the one for you.
ambition,salazar slytherin beckons you to join his house.
intelligence,ravenclaw would be perfect for a young wizard like you.
i want to use my voice,command1.
can i speak,command1.
use voice,command1.
voice command,command1.
use voice command,command1.
can i check a fact,command2.
can i verify something,command2.
is this fact correct,command2.
check this,command2.
verify this,command2.
check something,command2.
can you learn this,command3.
can you teach yourself this,command3.
learn this,command3.
teach yourself this,command3.
let me do an image search,command4.
can i check which spell this is,command4.
let me search by image,command4.
let me search the spells,command4.
let me check my spell,command4.
scan my image,command4.
i want you to scan my image,command4.
check this image,command4.
can you scan my image,command4.
can you scan this image,command4.
scan my image,command4.
hermione granger is a wizard,contradiction found: she is a witch.